{"cameraMode":{"drawMode":0,"name":"Shaded","section":"Shading Mode"},"sceneLighting":false,"audioPlay":false,"sceneViewState":{"showFog":true,"showMaterialUpdate":false,"showSkybox":false,"showFlares":true,"showImageEffects":true,"showParticleSystems":true},"in2DMode":false,"pivot":{"x":-0.813922107219696,"y":-82.33564758300781,"z":25.284826278686525},"rotation":{"x":-0.593541145324707,"y":0.01330771204084158,"z":-0.010598588734865189,"w":-0.8048753142356873},"size":45.65174865722656,"orthographic":false}