{"cameraMode":{"drawMode":0,"name":"Shaded","section":"Shading Mode"},"sceneLighting":false,"audioPlay":false,"sceneViewState":{"showFog":true,"showMaterialUpdate":false,"showSkybox":false,"showFlares":true,"showImageEffects":true,"showParticleSystems":true},"in2DMode":false,"pivot":{"x":0.5825562477111816,"y":-0.03292703628540039,"z":-1.0356228351593018},"rotation":{"x":0.41830548644065859,"y":0.26651841402053835,"z":-0.129830464720726,"w":0.8586788177490234},"size":3.0667312145233156,"orthographic":false}